<akomaNtoso><debate name="Conference"><meta><references source="#">  <TLCPerson id="75" href="ontology/parlmember/s75" showAs="Δριβελέγκας Ιωάννης"/><TLCPerson id="104" href="ontology/parlmember/s104" showAs="Καράμπελας Ιωάννης"/><TLCPerson id="298" href="ontology/parlmember/s298" showAs="Χρυσοχοΐδης Μιχαήλ"/><TLCPerson id="97" href="ontology/parlmember/s97" showAs="Καπερνάρος Βασίλειος"/><TLCPerson id="136" href="ontology/parlmember/s136" showAs="Κουκουλόπουλος Παρασκευάς"/><TLCPerson id="49" href="ontology/parlmember/s49" showAs="Γεροντόπουλος Κυριάκος"/></references></meta><preface> <docTitle>Συνεδρίαση της βουλης των Ελληνων :  2-9-2014</docTitle></preface><debateBody>  <speech by="#s75"><from>Δριβελέγκας Ιωάννης</from><p>  Κυρίες και κύριοι συνάδελφοι, αρχίζει η συνεδρίαση.&lt;br /&gt;Οι Βουλευτές κ. Σπυρίδων Ταλιαδούρος και κ. Γεώργιος Κωνσταντόπουλος ζητούν άδεια ολιγοήμερης απουσίας στο εξωτερικό. Η Βουλή εγκρίνει;</p></speech><speech><from>ΠΟΛΛΟΙ ΒΟΥΛΕΥΤΕΣ</from><p> Μάλιστα, μάλιστα.</p></speech><speech by="#s75"><from>Δριβελέγκας Ιωάννης</from><p> Η Βουλή ενέκρινε τις ζητηθείσες άδειες. &lt;br /&gt;Κυρίες και κύριοι συνάδελφοι, εισερχόμαστε στη συζήτηση των &lt;br /&gt;ΕΠΙΚΑΙΡΩΝ ΕΡΩΤΗΣΕΩΝ&lt;br /&gt;Θα συζητηθεί η πρώτη με αριθμό 52/28-8-2014 επίκαιρη ερώτηση του Βουλευτή Βοιωτίας της Νέας Δημοκρατίας κ. Ιωάννη Καράμπελα προς τoν Υπουργό Υποδομών, Μεταφορών και Δικτύων, σχετικά με την αύξηση της τιμής των διοδίων στην Κεντρική Ελλάδα. &lt;br /&gt;Στην επίκαιρη ερώτηση του κ. Καράμπελα θα απαντήσει ο Υπουργός Υποδομών, Μεταφορών και Δικτύων κ. Μιχάλης Χρυσοχοΐδης. &lt;br /&gt;Κύριε Καράμπελα, έχετε τον λόγο για τρία λεπτά.</p></speech><speech by="#s104"><from> ΙΩΑΝΝΗΣ ΚΑΡΑΜΠΕΛΑΣ</from><p> Ευχαριστώ, κύριε Πρόεδρε.&lt;br /&gt;Ευχαριστώ πολύ για την παρουσία σας και εσάς, κύριε Υπουργέ.&lt;br /&gt;Από τις αρχές του έτους ισχύει η νέα τιμολογιακή πολιτική για τα διόδια. Υπάρχουν μεγάλες αυξήσεις στις τιμές τους που κυμαίνονται περί τα 60% σε σχέση με τις προηγούμενες. Χαρακτηριστικό παράδειγμα αποτελεί η Νέα Οδός με τους τρεις μετωπικούς σταθμούς διοδίων στις Αφίδνες, στη Θήβα και στην Τραγάνα και με τους πέντε πλευρικούς σε Καπανδρίτι, Μαλακάσα, Οινόφυτα, Θήβα και Τραγάνα. Ενώ στο τέλος του 2013 για να διασχίσει ένα όχημα τη Νέα Οδό χρειαζόταν ένα κόστος της τάξεως περίπου 2,5 λεπτών ανά χιλιόμετρο, με τις αυξήσεις της 1ης Ιανουαρίου 2014 το αντίστοιχο κόστος ανέρχεται περίπου στα 4 λεπτά το χιλιόμετρο.&lt;br /&gt;Οι λόγοι που μας οδήγησαν να ψηφίσουμε τις αυξήσεις αυτές –και χρησιμοποιώ το πρώτο πληθυντικό, μια και εγώ στηρίζω την παρούσα Κυβέρνηση- είναι γνωστοί και είχαν να κάνουν με την ανάγκη επανεκκίνησης των εργοταξίων στους τέσσερις μεγάλους αυτοκινητόδρομους της χώρας. &lt;br /&gt;Όπως είχατε πει και εσείς, κύριε Υπουργέ, τον πρώτο χρόνο, το 2014, θα υπήρχε μία αύξηση στις θέσεις εργασίας, θα δημιουργούνταν περί τις έξι χιλιάδες νέες θέσεις εργασίας και μέχρι το τέλος του 2016 θα φθάναμε στους είκοσι χιλιάδες εργαζόμενους. Πλην, όμως, η αλλαγή αυτής της τιμολογιακής πολιτικής είχε και σημαντικές αρνητικές συνέπειες, αφού ως αποτέλεσμα όλων όσων παρέθεσα για τη Νέα Οδό, παρατηρείται τους τελευταίους μήνες μια χαοτική κατάσταση στο επαρχιακό δίκτυο των Νομών Αττικής, Βοιωτίας και Φθιώτιδας, καθώς πλέον η συντριπτική πλειοψηφία των επαγγελματιών οδηγών -και όχι μόνο- έχει σταματήσει να χρησιμοποιεί τον αυτοκινητόδρομο για τη μεταφορά των εμπορευμάτων προκειμένου να περιοριστεί το μεταφορικό κόστος, ενώ και για τους απλούς οδηγούς έχει καταστεί απαγορευτικό.&lt;br /&gt;Θα ήθελα να σας ρωτήσω εάν έχετε συγκριτικά στοιχεία με τα έσοδα του πρώτου εξαμήνου του 2013 με αυτά του 2014, για να δούμε αν τελικά έχουν αυξηθεί με τις διελεύσεις των οχημάτων ή αν έχουν μειωθεί τα αντίστοιχα έσοδα.&lt;br /&gt;Επίσης, θα ήθελα να σας ρωτήσω τι μέτρα έχετε να πάρετε ώστε τα βαρέως τύπου οχήματα να μην μπορούν να περάσουν πλέον από τους επαρχιακούς δρόμους και να κάνουν χρήση των αυτοκινητόδρομων.&lt;br /&gt;Ευχαριστώ.</p></speech><speech by="#s75"><from>Δριβελέγκας Ιωάννης</from><p> Και εμείς ευχαριστούμε.&lt;br /&gt;Τον λόγο έχει ο κύριος Υπουργός για τρία λεπτά.</p></speech><speech by="#s298"><from> ΜΙΧΑΗΛ ΧΡΥΣΟΧΟΙΔΗΣ</from><p> Ευχαριστώ, κύριε Πρόεδρε.&lt;br /&gt;Θέλω να ευχαριστήσω το συνάδελφο που μου δίνει τη δυνατότητα να απαντήσω σε ένα θέμα που απασχολεί πάρα πολλούς πολίτες αλλά και πολλές πόλεις, καθώς και την αυτοδιοίκηση πολλών παρόδιων πόλεων των εθνικών δρόμων με αφορμή την επανέναρξη των εργασιών στους αυτοκινητοδρόμους της χώρας. &lt;br /&gt;Να ενημερώσω, λοιπόν, το Τμήμα με αφορμή την ερώτηση του κυρίου συναδέλφου, ότι αυτήν τη στιγμή βρισκόμαστε σε μια πλήρη εξέλιξη της κατασκευής των αυτοκινητοδρόμων. Έχουν καθημερινά δημιουργηθεί καινούργια εργοτάξια. Χιλιάδες εργαζόμενοι βρίσκουν θέσεις εργασίας. Και πρέπει να σας πω ότι χιλιάδες επιχειρήσεις, μαζί με τις κατασκευαστικές επιχειρήσεις, ενεργοποιούνται και ασχολούνται με τα έργα στη χώρα.&lt;br /&gt;Μέχρι τώρα έχουμε πραγματοποιήσει πληρωμές ύψους 400 εκατομμυρίων στη χώρα. Υπάρχει μια πολύ σημαντική αύξηση του ΑΕΠ εξαιτίας της κατασκευής των έργων. Και πραγματικά είμαι πάρα πολύ ευτυχής, γιατί εδώ, με τη συμμετοχή της Βουλής και όλων των συναδέλφων, μπορέσαμε και ενεργοποιήσαμε ξανά, βάλαμε ξανά μπροστά αυτά τα τεράστια έργα, τα οποία είναι αξίας περίπου 10 δισεκατομμυρίων ευρώ, σε μια χώρα που πέρυσι, πριν από λίγο καιρό, ουσιαστικά ήταν αναπτυξιακά νεκρή. Αυτό, λοιπόν, είναι ένα κρατούμενο θετικό. &lt;br /&gt;Το δεύτερο που θέλω να τονίσω για μια ακόμη φορά είναι ότι η τιμολογιακή πολιτική των διοδίων αποφασίστηκε, ψηφίστηκε το 2007. Και όταν προ οκταμήνου ψηφίσαμε εδώ την επανέναρξη των έργων δεν υπήρξε καμμία αναφορά στα διόδια. Είναι μια πολιτική, επαναλαμβάνω, που ψηφίστηκε, αποφασίστηκε ανά χιλιόμετρο, με συμβάσεις το 2007. Δεν υπήρξε καμμία, μα καμμία διαφορά. Είναι πράγματα τα οποία έγιναν τότε. &lt;br /&gt;Το τρίτο που θέλω να τονίσω είναι ότι οφείλουμε να κατανοήσουμε ορισμένες λογικές παραμέτρους αυτού του εγχειρήματος που κάνουμε. Δηλαδή, κυρίες και κύριοι συνάδελφοι, το δρόμο που κυκλοφορούμε τον πληρώνει ο χρήστης. Αυτός που κυκλοφορεί, όχι ο άστεγος, ο μη συμμετέχων πολίτης. Δεν μπορεί, δηλαδή, να πληρώνει ένας συνταξιούχος του Έβρου όποιον χρησιμοποιεί το δρόμο με ασφαλή τρόπο, έναν δρόμο που συντηρείται διαρκώς. Το δρόμο τον πληρώνει αυτός ο οποίος τον χρησιμοποιεί, αυτός ο οποίος με το αυτοκίνητό του, είτε είναι ιδιώτης είτε είναι επαγγελματίας, πηγαίνει από ένα σημείο στο άλλο. &lt;br /&gt;Αυτή, λοιπόν, είναι και η στοιχειώδης, θα έλεγα, κοινωνική δικαιοσύνη και σημαίνει ότι ο κάθε ένας ο οποίος χρησιμοποιεί ένα δημόσιο αγαθό οφείλει να καταβάλει ένα αντίστοιχο τίμημα.&lt;br /&gt;&lt;br /&gt;Το τέταρτο στοιχείο το οποίο θέλω να σχολιάσω είναι μία παρεξήγηση η οποία ακριβώς προέρχεται εξαιτίας της έλλειψης κατανόησης του όλου θέματος. Τίθεται ένα ζήτημα γιατί τα φορτηγά κυκλοφορούν στους παράλληλους δρόμους,  τίθεται ένα ζήτημα γιατί τα φορτηγά μπαίνουν μέσα σε οικισμούς. Αναρωτιέμαι γιατί αναφερόμαστε στον Υπουργό Υποδομών ή γιατί κάποιοι δήμαρχοι, αυτοδιοικητικοί αναρωτιούνται γιατί ο Υπουργός Υποδομών δεν απαγορεύει τα φορτηγά ή γιατί δεν κάνει πιο φθηνά τα διόδια προκειμένου τα φορτηγά να κινούνται πάνω στο δρόμο.&lt;br /&gt;Αυτό, λοιπόν, είναι ένας παραλογισμός. Είναι ένας παραλογισμός, πρώτον διότι τα φορτηγά οποιαδήποτε δαπάνη έχουν την βάζουν πάνω στο κόμιστρο το οποίο παίρνουν από τον εργοδότη τους. Άρα, λοιπόν, έχουν υποχρέωση να προσθέτουν το κόστος των διοδίων πάνω στο κόμιστρο, πράγμα το οποίο υπήρχε και πριν. Άρα, αυτό δεν έχει καμμία σχέση και καμμία πραγματική σύνδεση με την αποφυγή κυκλοφορίας στους δρόμους. &lt;br /&gt;Υπάρχει, όμως, και κάτι πιο σημαντικό: Οι παράδρομοι αυτοί, οι παράλληλοι δρόμοι, δεν κατασκευάστηκαν για να κυκλοφορούν φορτηγά ή ΙΧ τα οποία θέλουν να αποφύγουν τους δρόμους. Αν θέλει κάποιος να αποφύγει το δρόμο, υπάρχουν άλλοι δρόμοι, οι επαρχιακοί, οι παλιοί εθνικοί δρόμοι. Οι παράλληλοι δρόμοι έχουν γίνει για ένα και μοναδικό λόγο: Να μπορούν να εξυπηρετούνται οι παρόδιοι οικισμοί, οι αγρότες που έχουν δίπλα χωράφια και κανείς άλλος. &lt;br /&gt;Το ερώτημα ξέρετε ποιο είναι, κύριε συνάδελφε; Γιατί αφήνουν οι αρμόδιες αρχές να κυκλοφορούν σε παράδρομους, σε παράλληλους δρόμους, σε οικισμούς μέσα τα φορτηγά. Επιτρέπεται να κυκλοφορεί φορτηγό μέσα σε οικισμό; Γιατί τον αφήνει, λοιπόν, η Τροχαία και δεν παίρνει μέτρα;</p></speech><speech by="#s75"><from>Δριβελέγκας Ιωάννης</from><p> Κύριε Υπουργέ, έχετε και τη δευτερολογία σας.</p></speech><speech by="#s298"><from> ΜΙΧΑΗΛ ΧΡΥΣΟΧΟΙΔΗΣ</from><p> Θα σταματήσω, κύριε Πρόεδρε και θα επανέλθω στη δευτερολογία μου.</p></speech><speech by="#s97"><from> ΒΑΣΙΛΕΙΟΣ ΚΑΠΕΡΝΑΡΟΣ</from><p> Κύριε Υπουργέ, τι γίνεται με τον παράδρομο…</p></speech><speech by="#s75"><from>Δριβελέγκας Ιωάννης</from><p> Κύριε Καπερνάρο, μπορείτε να κάνετε ερώτηση όποτε θέλετε στον κύριο Υπουργό. Ανταποκρίνεται και θα σας απαντήσει.&lt;br /&gt;Κύριε Καράμπελα, έχετε τον λόγο για τρία λεπτά για τη δευτερολογία σας.</p></speech><speech by="#s104"><from> ΙΩΑΝΝΗΣ ΚΑΡΑΜΠΕΛΑΣ</from><p> Ευχαριστώ πολύ, κύριε Πρόεδρε.&lt;br /&gt;Συμφωνώ κι εγώ, κύριε Υπουργέ, ότι οι αυξήσεις των διοδίων προβλέπονταν από το 2007. Όμως, τότε προβλέπονταν και οι τέσσερις οδικοί άξονες –αν δεν κάνω λάθος- να έχουν τελειώσει το 2011. &lt;br /&gt;Και κάνω σήμερα αυτήν την ερώτηση διότι στην Ελλάδα της κρίσης, στην Ελλάδα του 2014 πάρα πολλοί συμπολίτες μας δεν μπορούν να έχουν αυτό το κόστος. &lt;br /&gt;Τώρα, από εκεί και πέρα, συμφωνούμε ότι το κόμιστρο θα πρέπει να μπαίνει στους οδηγούς, θα πρέπει να μπαίνει στη φορτωτική. Άρα, ίσως έπρεπε να είναι στο κοστολόγιο του προϊόντος. &lt;br /&gt;Από εκεί και πέρα, αναμένω από εσάς να μας καθοδηγήσετε και ίσως μία πρωτοβουλία με τον Υπουργό Δημοσίας Τάξεως, για να βάλουμε σε χρήση και σε εφαρμογή το νόμο αυτό που να απαγορεύει τη διέλευση των βαρέων οχημάτων μέσα από τις πόλεις, γιατί καταστούν πολύ επικίνδυνο το να προχωρούμε στους δρόμους. Επίσης, τα βαρέα οχήματα καταστρέφουν το δρόμο. Αυτό συνεπάγεται ότι οι δρόμοι είναι επικίνδυνοι και για τους χρήστες και για τους οδηγούς.&lt;br /&gt;Από εκεί και πέρα, έναυσμα για την ερώτησή μου ήταν ένα δημοσίευμα στην εφημερίδα «ΔΗΜΟΚΡΑΤΙΑ» στις 8-8-2014, πριν από λίγες ημέρες, που έλεγε για αυτό τον δρόμο στην Περιφέρειά μου, στην Βοιωτία, ότι μοιάζει με τον «Γύρο του θανάτου». Το προσυπογράφω αυτό, καθώς και εγώ προέρχομαι, όπως είπα, από το Νομό Βοιωτίας και γίνομαι καθημερινά μάρτυρας των δυσάρεστων συνθηκών που έχουν πλέον διαμορφωθεί στην παλαιά εθνική οδό Αθηνών-Λαμίας. &lt;br /&gt;Η παλαιά εθνική οδός Αθηνών-Λαμίας περνάει μέσα από πόλεις και χωριά του νομού μου, συγκεκριμένα τρία, την Αλίαρτο, την Αγία Παρασκευή και τη Χαιρώνεια. Και αν δεν είναι χιλιάδες, είναι σίγουρα εκατοντάδες αυτά τα βαρέα οχήματα, συν τα υπόλοιπα οχήματα που περνάνε μέσα από αυτές τις πόλεις και η διέλευσή τους πραγματικά είναι πολύ επικίνδυνη για τους πολίτες και ιδιαίτερα για τους υπερήλικες και για τα παιδιά που ζουν εκεί.&lt;br /&gt;Εγώ θα ήθελα να μπορέσουμε μαζί να προκαλέσουμε μία συζήτηση -φυσικά και με τον κ. Κικίλια- και να δώσουμε μία κατεύθυνση ώστε τουλάχιστον τα πολύ βαριά φορτηγά, των είκοσι και πλέον τόνων, να μην περνάνε μέσα από τις πόλεις μας. &lt;br /&gt;Από εκεί και πέρα, απ’ ότι κατάλαβα από την πρωτολογία σας δεν τίθεται ζήτημα για τη μείωση των διοδίων. Θα ήθελα, όμως, πάλι να σας ρωτήσω εάν τα έσοδα από τις διελεύσεις των διοδίων το πρώτο εξάμηνο του 2014 ήταν περισσότερα ή λιγότερα από το αντίστοιχο εξάμηνο του 2013.&lt;br /&gt;Κύριε Πρόεδρε, θα καταθέσω και το σχετικό άρθρο της εφημερίδας που επικαλέστηκα.&lt;br /&gt;Ευχαριστώ.&lt;br /&gt;.</p></speech><speech by="#s75"><from>Δριβελέγκας Ιωάννης</from><p> Κύριε Υπουργέ, πριν σας δώσω τον λόγο, θέλω να σας εκφράσω δημόσια τις ευχαριστίες μου σαν Βουλευτής του Νομού Χαλκιδικής για την άμεση ανταπόκριση της ΥΑΣΒΕ στο σεισμό που έγινε πρόσφατα στο νομό. Η υπηρεσία ήταν άψογη. Αρκεί να σας πω ότι στις 07.30΄ το πρωί έγινε ο σεισμός και στις 13.00΄ ήταν το κλιμάκιο σε όλα τα χωριά της Χαλκιδικής. &lt;br /&gt;Ευχαριστώ πάρα πολύ.&lt;br /&gt;Ορίστε, κύριε Υπουργέ, έχετε τον λόγο.</p></speech><speech by="#s298"><from> ΜΙΧΑΗΛ ΧΡΥΣΟΧΟΙΔΗΣ</from><p> Ευχαριστώ, κύριε Πρόεδρε.&lt;br /&gt;Να πω ότι όπως στη Χαλκιδική προχθές, έτσι και λίγο καιρό πριν στην Λήμνο, στη Σαμοθράκη και στον Έβρο, καθώς και λίγους μήνες πιο μπροστά -τον Φεβρουάριο- στην Κεφαλλονιά η Ελληνική Δημοκρατία με τις υπηρεσίες της έδωσε ένα ισχυρό παρόν ασφάλειας, σιγουριάς και αποκατάστασης των ζημιών που έγιναν. Και θέλω να πω ότι κάθε φορά που έχουμε ένα τέτοιο γεγονός, υπάρχει μια μεγάλη κινητοποίηση και οφείλω να συγχαρώ τους αρμοδίους υπηρεσιακούς παράγοντες οι οποίοι πραγματικά στέκονται όρθιοι μαζί με τον κόσμο, δίνοντας κουράγιο και λύνοντας προβλήματα.&lt;br /&gt;Κυρίες και κύριοι συνάδελφοι, σε ό,τι αφορά την ερώτηση του κυρίου συναδέλφου να πω κατ’ αρχάς ότι τα έσοδα των διοδίων πηγαίνουν αποκλειστικά στην κατασκευή των δρόμων. Δεν πηγαίνουν στην τσέπη κανενός, σε κανένα ταμείο κάποιας εταιρείας. Πηγαίνουν –επαναλαμβάνω- αποκλειστικά και μόνο στην κατασκευή των δρόμων. &lt;br /&gt;Το δεύτερο είναι ότι η όποια μείωση ή αύξηση των διοδίων δεν είναι ζήτημα το οποίο μπορούμε να κουβεντιάζουμε και να αποφασίσουμε εδώ στη Βουλή, με την έννοια ότι πλέον υπάρχουν χρηματοδοτικά σχήματα τα οποία οι τράπεζες χρηματοδοτούν. Άρα, όταν θα ολοκληρωθούν οι δρόμοι από εκεί και πέρα, ανάλογα με τις εξελίξεις και την κίνηση, θα καθοριστεί από τους ίδιους τους παραχωρησιούχους το ύψος των διοδίων. Και είμαι βέβαιος ότι τότε θα μειωθούν, γιατί πια δεν θα υπάρχουν δαπάνες κατασκευής των έργων.&lt;br /&gt;Τρίτον, να σας πω, λοιπόν, ότι τα έσοδα με ΦΠΑ από τους σταθμούς διοδίων που αφορούν την περιοχή σας, κύριε συνάδελφε, είναι ο μετωπικός Θηβών, που έχει 20,1% αύξηση, ο μετωπικός Τραγάνας με 27,94% -σε έσοδα πάντα- ο μετωπικός Αγ. Τριάδας -2,99%. Μέσος όρος συνόλου 16,72% αύξηση εσόδων στα διόδια το πρώτο εξάμηνο του 2014. &lt;br /&gt;Να πω, επίσης, συνεχίζοντας την προηγούμενη τοποθέτησή μου ότι επιτέλους νομίζω πως οφείλουμε να λειτουργήσουμε ως κράτος και ως δημόσια διοίκηση υπηρετώντας το αυτονόητο, δηλαδή την προάσπιση της νομιμότητας. Εδώ συμβαίνει κάτι, επαναλαμβάνω, που είναι παραλογισμός. Κυκλοφορούν μέσα στους οικισμούς μεγάλες νταλίκες, μεγάλα οχήματα. Οι αυτοδιοικητικοί απευθύνονται σε μένα και δεν απευθύνονται ούτε στον εισαγγελέα ούτε στην τροχαία για να σταματήσουν και να ακινητοποιήσουν επί τόπου τα αυτοκίνητα, να αφαιρέσουν άδειες αυτοκινήτων και οδήγησης και να μην επιτραπεί ξανά ποτέ να κυκλοφορούν νταλίκες εκεί που παίζουν μικρά παιδιά. Είναι πάρα πολύ απλό. &lt;br /&gt;Γιατί δεν γίνεται; Διότι, δυστυχώς, υπάρχει η άλλη αντίληψη ότι καλώς κυκλοφορούν μέσα στους οικισμούς, καλώς δεν γίνεται κάποια παρέμβαση από την Αστυνομία, καλώς οι υπηρεσίες δεν κάνουν τη δουλειά τους και τελικώς ας απευθυνθούμε στον Υπουργό να μειώσει τα διόδια. Λες και άμα μειωθούν τα διόδια θα περάσουν οι νταλίκες από τους δρόμους. Αυτό νομίζω ότι είναι η κρίσιμη διαφορά αντίληψης που υπάρχει. &lt;br /&gt;Εγώ, έστειλα πριν από λίγες μέρες, κύριε συνάδελφε, στον αστυνομικό διευθυντή Φθιώτιδας έγγραφο με το οποίο ζητάω να σταματήσουν να περνούν οι νταλίκες, τις οποίες είδα ο ίδιος, μέσα από μικρούς οικισμούς, όπως στον Προσκυνά. Αυτό και μόνο δείχνει ότι κάποιοι δεν κάνουν καλά τη δουλειά τους.&lt;br /&gt; Είναι ευκαιρία, λοιπόν, για να φτιάξουμε απέναντι στα μάτια του πολίτη ένα δίκαιο κράτος που προστατεύει την ασφάλεια των πολιτών. Το δίκαιο κράτος πρωτίστως σημαίνει ασφάλεια, σημαίνει ότι η Τροχαία σε αυτήν την περίπτωση πρέπει να κάνει τη δουλειά της. Οι δήμαρχοι, οι αυτοδιοικητικοί να βάλουν σαμάρια στους δρόμους, εμπόδια. Να απαγορεύεται να κυκλοφορούν νταλίκες σε μια περιοχή όπου υπάρχουν κάτοικοι. Αυτά τα πολύ απλά πράγματα αν γίνουν νομίζω τότε ότι θα διασφαλίσουμε την οδική ασφάλεια και τη ζωή των πολιτών.&lt;br /&gt;Ευχαριστώ, κύριε Πρόεδρε.</p></speech><speech by="#s75"><from>Δριβελέγκας Ιωάννης</from><p> Και εμείς ευχαριστούμε, κύριε Υπουργέ.&lt;br /&gt;Η δεύτερη με αριθμό 51/28-8-2014 επίκαιρη ερώτηση του Βουλευτή Α΄ Πειραιώς του Συνασπισμού Ριζοσπαστικής Αριστεράς κ. Θεόδωρου Δρίτσα προς τον Υπουργό Δικαιοσύνης, Διαφάνειας και Ανθρωπίνων Δικαιωμάτων, σχετικά με τη μεταφορά των Δικαστηρίων του Πειραιά εκτός πόλης δεν θα συζητηθεί λόγω κωλύματος του κυρίου Υπουργού και διαγράφεται.&lt;br /&gt;Η τρίτη με αριθμό 54/28-8-2014 επίκαιρη ερώτηση της Βουλευτού Α΄ Θεσσαλονίκης της Δημοκρατικής Αριστεράς κ. Ασημίνας Ξηροτύρη - Αικατερινάρη προς τον Υπουργό Οικονομικών, σχετικά με τον έλεγχο της φοροδιαφυγής και ιδιαίτερα της φορολόγησης των διαφόρων λιστών των εμβασμάτων του εξωτερικού δεν θα συζητηθεί λόγω κωλύματος του κυρίου Υπουργού και διαγράφεται.&lt;br /&gt;Θα συζητηθεί η τέταρτη με αριθμό 53/28-8-2014 επίκαιρη ερώτηση του Βουλευτή Αιτωλοακαρνανίας του Κομμουνιστικού Κόμματος Ελλάδας κ. Νικολάου Μωραΐτη προς τον Υπουργό Αγροτικής Ανάπτυξης και Τροφίμων, σχετικά με τις δραματικές επιπτώσεις του καταρροϊκού πυρετού στην αιγοπροβατοτροφία.&lt;br /&gt;Στην επίκαιρη ερώτηση του κυρίου συναδέλφου θα απαντήσει ο Αναπληρωτής Υπουργός Αγροτικής Ανάπτυξης και Τροφίμων κ. Πάρις Κουκουλόπουλος.&lt;br /&gt;Τον λόγο έχει ο κ. Μωραΐτης για δύο λεπτά.&lt;br /&gt;ΝΙΚΟΛΑΟΣ ΜΩΡΑΪΤΗΣ: Ευχαριστώ, κύριε Πρόεδρε.&lt;br /&gt;Με τη σημερινή ερώτηση, κύριε Υπουργέ, καταγγέλλουμε την εγκληματική αδιαφορία της συγκυβέρνησης για τις δραματικές επιπτώσεις που έχει πάρει ο καταρροϊκός πυρετός στη χώρα μας.&lt;br /&gt;Το Κομμουνιστικό Κόμμα Ελλάδας, όταν είχαν εκδηλωθεί τα πρώτα κρούσματα στη βόρεια Ελλάδα, είχε επισκεφθεί το χώρο και έγκαιρα είχε προειδοποιήσει για το μέγεθος αυτής της καταστροφής.&lt;br /&gt;Τότε, δυστυχώς, μας χλευάζατε, κύριε Υπουργέ, και λέγατε ότι είναι μια κατάσταση ελεγχόμενη και τα πράγματα ελέγχονται απόλυτα από μεριάς της πολιτείας. Τώρα, βέβαια, τα κρούσματα αυτά έχουν πάρει εκρηκτικές διαστάσεις και εξαπλώνονται με γρήγορους ρυθμούς σε όλη τη χώρα. Από τη βόρεια Ελλάδα φτάσαμε στην Πελοπόννησο, φτάσαμε στην Αιτωλοακαρνανία, φτάσαμε στην Ήπειρο και δυστυχώς φτάνουμε και μέχρι την Ευρυτανία.&lt;br /&gt;Καταγγέλλουμε αυτήν τη στάση της συγκυβέρνησης, γιατί δεν πήρε μέτρα. Ταυτόχρονα, όμως, εγκληματικές είναι οι ευθύνες και της τοπικής διοίκησης, η οποία ούτε αυτή πήρε μέτρα, κάνοντας ψεκασμούς σε λιμνάζοντα νερά, σε λίμνες και σε ποτάμια, σε χώρους που υπήρχε το έντομο που προκαλεί αυτόν τον πυρετό. Βέβαια, σε όλα αυτά, έρχονται να προστεθούν και άλλα μέτρα, τα οποία είναι ενάντια στους κτηνοτρόφους. Κύριε Υπουργέ, καταγγέλλουμε τον εμπαιγμό και την κοροϊδία, που σήμερα, ακριβώς αυτήν τη στιγμή που μιλάμε, βάλατε ψίχουλα της εξισωτικής αποζημίωσης, 100, 200 και 300 ευρώ. &lt;br /&gt;Κύριε Υπουργέ, με την ευκαιρία, σας θέτουμε αυτό το θέμα, γιατί θεωρούμε ότι ο αποχαρακτηρισμός των βοσκοτόπων είναι το τελειωτικό χτύπημα για την κτηνοτροφία στη χώρα μας. Μαζί με όλα αυτά, με τον καταρροϊκό πυρετό, με την ευλογιά που έπληξε πέρυσι περιοχές της βόρειας Ελλάδας, τα πράγματα γίνονται πραγματικά δραματικά για τους φτωχομεσαίους κτηνοτρόφους σε όλη τη χώρα. &lt;br /&gt;Εμείς, βέβαια, θεωρούμε ότι αυτή είναι μια συνειδητή πολιτική. Στόχος δικός σας και της Ευρωπαϊκής Ένωσης είναι να χτυπηθεί η εκτατική κτηνοτροφία, οι μικρές μονάδες οι οποίες είναι σε οικογενειακή εκμετάλλευση για να φύγουν μια ώρα γρηγορότερα, για να περάσουν και οι επιδοτήσεις αλλά και ο χώρος της κτηνοτροφίας σε μεγάλες καπιταλιστικές επιχειρήσεις. Σας το είπαμε, το κάνατε και με το νομοσχέδιο για τα δάση, που εκεί ανοίγετε διάπλατα τις πόρτες για να μπει το μεγάλο κεφάλαιο στην κτηνοτροφία, το κάνετε τώρα και με τη νέα ΚΑΠ, όπου πρόκειται να δώσετε στην οικότροφη και εσταυλισμένη κτηνοτροφία πολύ μεγαλύτερες επιδοτήσεις από ό,τι στην εκτατική κτηνοτροφία με την οποία ασχολούνται οι μικροί κτηνοτρόφοι. &lt;br /&gt;Κύριε Υπουργέ, εμείς δεν έχουμε αυταπάτες ότι έστω και τώρα μπορούν να ληφθούν μέτρα, που είναι πάρα πολύ δύσκολο να παρθούν σήμερα μέτρα που πραγματικά να εμποδίσουν την εξάπλωση αυτής της ασθένειας, αλλά σας καλούμε και σας ζητάμε να πάρετε μέτρα για την απώλεια των ζώων και να αποζημιωθούν οι κτηνοτρόφοι.</p></speech><speech by="#s75"><from>Δριβελέγκας Ιωάννης</from><p> Ολοκληρώστε, παρακαλώ, κύριε συνάδελφε.&lt;br /&gt;ΝΙΚΟΛΑΟΣ ΜΩΡΑΪΤΗΣ: Τελειώνω σε μισό λεπτό, κύριε Πρόεδρε. Είναι σοβαρό το θέμα και θα ήθελα την ανοχή σας. &lt;br /&gt;Πρέπει να πάρετε μέτρα σε ό,τι αφορά την επιδότηση ζωοτροφών, μιας και οι κτηνοτρόφοι φοβούνται να δηλώσουν, γιατί όταν αυτά τα κρούσματα τεκμηριωθούν και από μεριάς κτηνιατρικών υπηρεσιών αναγκάζονται να έχουν τα ζώα τους κλειστά και δεν έχουν να τα ταΐσουν. Επίσης, να πάρετε μέτρα για την απώλεια εισοδήματος. Διαφορετικά, οι συνέπειες θα είναι δραματικές για αυτούς τους φτωχούς κτηνοτρόφους της χώρας μας.</p></speech><speech by="#s75"><from>Δριβελέγκας Ιωάννης</from><p> Τον λόγο έχει ο Αναπληρωτής Υπουργός Αγροτικής Ανάπτυξης και Τροφίμων, κ. Κουκουλόπουλος για τρία λεπτά.</p></speech><speech by="#s136"><from> ΠΑΡΑΣΚΕΥΑΣ ΚΟΥΚΟΥΛΟΠΟΥΛΟΣ</from><p> Ευχαριστώ, κύριε Πρόεδρε. &lt;br /&gt;Θέλω να ξεκινήσω απαντώντας, κύριε συνάδελφε, ότι αυτό που λέτε για την κτηνοτροφία και ειδικότερα για την κτηνοτροφία μικρών ζώων, αιγοπροβάτων δηλαδή, τα γεγονότα το διαψεύδουν καθημερινά και μάλιστα το διαψεύδει το μείζον γεγονός, που είναι ο εθνικός φάκελος, η πρόταση δηλαδή της χώρας για τη νέα Κοινή Αγροτική Πολιτική, όπου ο μεγάλος κερδισμένος στην αναγκαστική ανακατανομή ποσών που γίνεται για τη φυτική και ζωική παραγωγή της χώρας, ενόψει της νέας ΚΑΠ, είναι η κτηνοτροφία και ειδικότερα αυτή των μικρών ζώων. Δεν μπορεί, λοιπόν, να συνάγεται ένα τέτοιο συμπέρασμα, όπως αυτό που συνάγετε εσείς. &lt;br /&gt;Ειδικότερα, τώρα, επειδή δεν θέλω να γενικολογώ, θα χρησιμοποιήσω τους χρόνους των δύο φάσεων στην απάντησή μου για να απαντήσω πρώτα για τον καταρροϊκό πυρετό και στη συνέχεια για την εξισωτική αποζημίωση και γενικότερα για την αντιμετώπιση της κτηνοτροφίας. Γιατί προφανώς συμφωνώ κι εγώ μαζί σας, ότι αν η μεγάλη εικόνα λέει κάτι και στα άμεσα προβλήματα κάνουμε ακριβώς το αντίστροφο, τότε κάπου υπάρχει ένα πρόβλημα, αν αυτό εννοείτε. &lt;br /&gt;Έρχομαι, λοιπόν, στον καταρροϊκό πυρετό. Δεν υπάρχει εγκληματική αδιαφορία, όπως θα διαπιστώσετε ευθύς αμέσως και πολύ συγκεκριμένα. &lt;br /&gt;Νιώθω υποχρέωσή μου να πω για μία ακόμη φορά από το Βήμα της Βουλής, κύριε Πρόεδρε, παρ’ ότι δεν υπάρχει ούτε καν υπαινιγμός –δεν χρεώνω κάτι τέτοιο στον κύριο συνάδελφο- ότι ο καταρροϊκός δεν μεταδίδεται, δεν συνιστά κίνδυνο για τη δημόσια υγεία. Το κρέας και το γάλα από τα ζώα που έχουν προσβληθεί καταναλώθηκαν κανονικά από τους ανθρώπους. Υπάρχει, όμως, ζήτημα με το ζωικό κεφάλαιο και την παραγωγικότητά του. Όταν ασθενεί μέρος μίας εκτροφής, προφανώς και υπάρχει πρόβλημα γενικότερα με το ζωικό κεφάλαιο και με την παραγωγικότητά του, όπως είπα, γιατί πολλές φορές έχουμε έως και μεγάλη μείωση της παραγωγικότητας γάλακτος από την πλευρά του προσβαλλόμενου ζώου. &lt;br /&gt;Κατά συνέπεια πρέπει να πω ότι τα μέτρα που έχουν παρθεί είναι αυτά που προβλέπονται από τη σχετική ελληνική και ευρωπαϊκή νομοθεσία. Σήμερα δεν κάνουμε τίποτε άλλο παρά να εφαρμόζουμε αυτήν τη νομοθεσία. Έχει εκδοθεί ήδη από το Φλεβάρη η κοινή υπουργική απόφαση που προβλέπει πλαίσιο αποζημίωσης για την εξυγίανση του ζωικού κεφαλαίου της χώρας. Από τις 7 Ιουλίου έχουν εκταμιευτεί 5 εκατομμύρια προς τις περιφέρειες της χώρας, μέσω των οποίων ασκείται η συγκεκριμένη πολιτική. Απλώς, πρέπει να πω –γιατί θέλω να είναι απολύτως καθαρή η απάντηση- ότι πρώτον, ο καταρροϊκός έχει πολύ μεγάλη εξάπλωση. Είναι, όμως, ακριβώς αντίστροφη, κύριε συνάδελφε. Φέτος ξεκίνησε από τη Λακωνία και την Αρκαδία και πήγε προς τα πάνω. &lt;br /&gt;Δεύτερον, πρέπει να πω ότι στοιχεία που έχουμε μέχρι αυτήν τη στιγμή δείχνουν ότι έχει άλλη ένταση συνεπειών στο ζωικό κεφάλαιο στην περιοχή της Θράκης. Είναι άλλη, δηλαδή, η θνησιμότητα των ζώων και πιθανώς και η προσβολή της παραγωγικότητάς τους. Εξετάζονται ενδελεχώς αυτά τα στοιχεία.&lt;br /&gt;Επίσης, πρέπει να προσθέσω ότι είχαμε ξανά εμφάνιση –απέξω φυσικά μας ήρθε- κρουσμάτων ευλογιάς που ξεκίνησαν από τον Έβρο.&lt;br /&gt;Γιατί τα λέω όλα αυτά, κύριε Πρόεδρε; Τα λέω για έναν πολύ απλό λόγο, ότι τα ποσά στα οποία έκανα αναφορά, των 5 εκατομμυρίων ευρώ, ενδεχομένως να μην επαρκούν για τις αποζημιώσεις και του ζωικού κεφαλαίου. Γι’ αυτό και έχουμε κινηθεί ήδη, για να έχουμε αυξημένα κονδύλια και να αντιμετωπιστούν όλα κανονικά, από τις ανάγκες του σιτηρέσιου για την ευλογιά, παρ’ ότι δεν ερωτώμαι γι’ αυτό, μέχρι τις αποζημιώσεις θανόντων ζώων κ.ο.κ.. Και για εντομοαπωθητικά έχουν προβλεφθεί τα χρήματα εγκαίρως.&lt;br /&gt;</p></speech><speech by="#s75"><from>Δριβελέγκας Ιωάννης</from><p> Έχετε και τη δευτερολογία σας, κύριε Υπουργέ.</p></speech><speech by="#s136"><from> ΠΑΡΑΣΚΕΥΑΣ ΚΟΥΚΟΥΛΟΠΟΥΛΟΣ</from><p> Για να ολοκληρώσω, για να μη μπλέκουμε το ένα θέμα με το άλλο, θέλω να πω ότι ήδη ο ΕΛΟΓΑΚ σε λίγες μέρες θα μας δώσει στοιχεία για το τι συνέπειες υπάρχουν σε γαλακτοπαραγωγή σε διάφορες εκτροφές που στατιστικά έχουμε επιλέξει και έχουμε πάρει δείγματα. &lt;br /&gt;Δεύτερον, σε λίγες μέρες θα έχουμε αποτελέσματα από τα κτηνιατρικά εργαστήρια του Υπουργείου που θα λένε εάν και κατά πόσο έχει αναπτυχθεί φυσική ανοσία στα ίδια τα αιγοπρόβατα, κάτι πολύ σημαντικό για να προγραμματίσει κανείς τις επόμενες ενέργειες, τα επόμενα βήματα. &lt;br /&gt;Ευχαριστώ.</p></speech><speech by="#s75"><from>Δριβελέγκας Ιωάννης</from><p> Σας ευχαριστούμε. &lt;br /&gt;Κύριε Μωραΐτη, έχετε τον λόγο για τρία λεπτά, για να δευτερολογήσετε.&lt;br /&gt;ΝΙΚΟΛΑΟΣ ΜΩΡΑΪΤΗΣ: Κύριε Υπουργέ, να το κάνουμε καθαρό. Ούτε στην ερώτησή μας εμείς αναφέρουμε ότι μεταδίδεται και υπάρχει πρόβλημα για την ανθρώπινη υγεία ούτε εγώ είπα κάτι τέτοιο εδώ. Μιλήσαμε για άλλο θέμα. Είπαμε ότι οι απώλειες είναι σοβαρές στο εισόδημα των κτηνοτρόφων.&lt;br /&gt;Σε ό,τι αφορά τα μέτρα, δεν τα λέμε εμείς, αλλά οι δικοί σας περιφερειάρχες. Ο κ. Κατσιφάρας είναι δικός σας. Έβγαλε δελτίο Τύπου στη δυτική Ελλάδα ο αρμόδιος αντιπεριφερειάρχης, με τον οποίο συναντηθήκατε πριν λίγο καιρό, που λέει ότι αυτήν τη στιγμή στην Περιφέρεια Δυτικής Ελλάδας, όπου υπάρχουν πολλά κρούσματα σε Αιτωλοακαρνανία, Αχαΐα, Ηλεία, έχει μόνο 4.000 για την αντιμετώπιση της ασθένειας. Αυτά λέει δελτίο Τύπου της Περιφέρειας Δυτικής Ελλάδας, δεν τα λέμε εμείς ως Κομμουνιστικό Κόμμα Ελλάδας.&lt;br /&gt;Κύριε Υπουργέ, δεν πήρατε μέτρα. Και δεν είναι μόνο αυτό, αλλά έχετε διαλύσει στην κυριολεξία τις κτηνιατρικές υπηρεσίες. Πραγματικά, οι λίγοι δημόσιοι κτηνίατροι κάνουν υπεράνθρωπες προσπάθειες και πολλές φορές με αυτοθυσία. Είναι, όμως, λίγα τα μέσα και πρέπει να σας πω ότι έχετε κόψει ακόμη και τα έξοδα κίνησης, τα έξοδα μεταφοράς και βάζουν χρήματα από την τσέπη τους για να μετακινηθούν. Είναι τόσο λίγοι σε κάθε περιοχή που δεν μπορούν να ανταποκριθούν στην εξάπλωση της ασθένειας και στην αντιμετώπισή της. &lt;br /&gt;Πράγματι, υπάρχει ένας πανικός στους κτηνοτρόφους με την έννοια ότι φοβούνται να δηλώσουν τα περιστατικά, γιατί, όπως ανέφερα, από τη μεριά της πολιτείας δεν υπάρχει προστασία. Δεν είπατε απολύτως τίποτα, κύριε Υπουργέ. Θα δοθούν χρήματα για το ζωικό κεφάλαιο το οποίο χάνεται; Ο ΕΛΓΑ δεν καλύπτει αυτήν την ασθένεια. Θα δοθούν χρήματα στους κτηνοτρόφους, για να μπορέσουν να ταΐσουν τα ζώα; Γιατί σε περιστατικά τα οποία έχουν δηλωθεί μιλάμε για καραντίνα τουλάχιστον είκοσι μιας ημερών.&lt;br /&gt;Ένα επιπλέον πρόβλημα, πάρα πολύ σοβαρό, υπάρχει για τους φτωχούς μετακινούμενους κτηνοτρόφους, οι οποίοι δεν μπορούν να αντιμετωπίσουν αυτήν την ασθένεια. &lt;br /&gt;Κύριε Υπουργέ, σας ρωτάμε: Έγιναν ψεκασμοί και πού; Αυτήν τη στιγμή κυκλοφορεί στα μέσα ενημέρωσης ότι περιμένουμε εμβόλια από τη Γαλλία για την αντιμετώπιση της ασθένειας. &lt;br /&gt;Εμείς θεωρούμε ότι αυτήν τη στιγμή αυτό το οποίο προέχει είναι να αποζημιωθούν οι κτηνοτρόφοι. Πρέπει να αποζημιωθούν για όλα αυτά που ανέφερα νωρίτερα, για την απώλεια εισοδήματος, για τις ζωοτροφές και όλα αυτά. &lt;br /&gt;Σε ό,τι αφορά τον Έβρο, πραγματικά εκεί η κατάσταση είναι δραματική. Εκεί ήρθε αυτή η ασθένεια να δώσει το τελειωτικό χτύπημα στις μονάδες που είχαν  πάθει τεράστιες ζημιές σε ό,τι αφορά την ευλογιά και πραγματικά χάθηκαν δεκάδες χιλιάδες ζώα. Και εκεί πήραν ψίχουλα οι κτηνοτρόφοι. &lt;br /&gt;Δεν απαντήσατε σε ό,τι αφορά την εξισωτική. Είναι εμπαιγμός, κύριε Υπουργέ. Μιλάμε για 200, 300 και 400 ευρώ σε κτηνοτρόφους που έπαιρναν 4.000 και 5.000 ευρώ. Εμείς ξέρουμε τι κάνετε. Σας το είπαμε και προχθές στη συζήτηση του νομοσχεδίου για τις υδατοκαλλιέργειες. Προσπαθείτε εν όψει της Διεθνούς Έκθεσης της Θεσσαλονίκης να εκτονώσετε τη δυσαρέσκεια του κόσμου. Προσπαθείτε και είπατε ότι θα δώσετε σε πολλές δόσεις την εξισωτική, όχι βέβαια αυτή που δικαιούνται οι κτηνοτρόφοι. &lt;br /&gt;Εμείς το λέμε καθαρά: Αν δεν αποσύρετε το σχέδιο δράσης που είναι κάτω από την κατεύθυνση της Ευρωπαϊκής Ένωσης, οι συνέπειες θα είναι ολέθριες για τους κτηνοτρόφους της χώρας. Εμείς καλούμε τους κτηνοτρόφους να πάρουν την υπόθεση στα χέρια τους, να δυναμώσουν τον αγώνα τους, να διεκδικήσουν το δίκιο τους και τους καλούμε στο συλλαλητήριο των ταξικών δυνάμεων του συνεπούς αγροτικού κινήματος στις 6 του Σεπτέμβρη στη Θεσσαλονίκη. Διαφορετικά, τους λέμε καθαρά ότι το μέλλον είναι αβέβαιο, ότι το μέλλον θα είναι ολέθριο και για αυτούς και για τις οικογένειές τους.</p></speech><speech by="#s75"><from>Δριβελέγκας Ιωάννης</from><p> Ευχαριστούμε πολύ τον κ. Μωραΐτη. &lt;br /&gt;Τον λόγο έχει ο Αναπληρωτής Υπουργός Αγροτικής Ανάπτυξης και Τροφίμων κ. Πάρις Κουκουλόπουλος, για να δευτερολογήσει.</p></speech><speech by="#s136"><from> ΠΑΡΑΣΚΕΥΑΣ ΚΟΥΚΟΥΛΟΠΟΥΛΟΣ</from><p> Ευχαριστώ, κύριε Πρόεδρε.&lt;br /&gt;Δεν θέλω να αφήσω τίποτα αναπάντητο. Είναι τόσο μικρό το ποσό στη δυτική Ελλάδα, γιατί αφορά μόνο εντομοαπωθητικά που είναι χαμηλής αξίας. &lt;br /&gt;Είπα και επαναλαμβάνω, κύριε συνάδελφε: Μα, υπάρχει και το ποσό αποζημίωσης θανόντων ζώων στην κοινή υπουργική απόφαση. Υπάρχει η συγκεκριμένη διαδικασία που υλοποιεί η κεντρική υπηρεσία με τις περιφερειακές υπηρεσίες. Θα υπάρξουν αποζημιώσεις και το λέω πάρα πολύ καθαρά. Το λέω δεύτερη φορά, γιατί είπατε ότι δεν απάντησα.&lt;br /&gt;Δεύτερον, συμφωνώ απόλυτα με αυτά που είπατε για τις κτηνιατρικές υπηρεσίες εν γένει, εν τω συνόλω, και κεντρικές και αποκεντρωμένες και περιφερειακές. Χθες είχαμε μια τρίωρη συνεργασία και με το Σύλλογο των Κτηνιάτρων και τις επόμενες μέρες πιστεύω ότι θα αρχίσουμε με συγκεκριμένα βήματα και θα διαμορφώσουμε πολύ γρήγορα, άμεσα, μια τελείως διαφορετική εικόνα απ’ αυτήν που επικρατεί εδώ και ένα-δυο χρόνια. Γιατί είναι σωστό ό,τι είπατε. Καταβάλλονται υπεράνθρωπες προσπάθειες, υπάρχει ανορθολογική κατανομή, αλλά θα έχουμε βοήθειες, θα μπει μπροστά και ο κτηνίατρος εκτροφής και πολύ γρήγορα θα δημιουργήσουμε ένα νέο τοπίο άμεσα και όχι στο απώτερο μέλλον. &lt;br /&gt;Τρίτον, δεν έγινε καμμία κουβέντα για εμβόλιο. Έχουμε ακούσει την πανεπιστημιακή κοινότητα. Έχουμε βρει ποιος ορός είναι ο κατάλληλος για εμβολιασμό στην ελληνική περίπτωση. Είναι από Ισπανία, αν σας ενδιαφέρει. Υπάρχουν όλες οι συζητήσεις και οι συνεννοήσεις, αλλά δεν έχει ληφθεί καμμία απόφαση. Είναι πολύ σοβαρή η απόφαση για εμβολιασμό, διότι πρέπει να εμβολιάζεις καθολικά όλο το ζωικό κεφάλαιο επί πέντε χρόνια και αυτό έχει συνέπεια για μια χώρα που στην αιγοπροβατοτροφία της στηρίζει πάρα μα πάρα πολλά, μεταξύ των άλλων και την ελληνική φέτα. &lt;br /&gt;Άρα, λοιπόν, δεν έχει ληφθεί καμμία τέτοια απόφαση για εμβολιασμό. Απλώς έχουμε κάνει όλη την προεργασία, αν και εφόσον χρειαστεί. &lt;br /&gt;Πάω στις εξισωτικές. Κύριε συνάδελφε, αυτά που λέτε ίσχυαν μέχρι χθες.  Όμως, από τις 31 Αυγούστου, δηλαδή πρακτικά από την Παρασκευή 29 Αυγούστου, έληξε η υποβολή ενστάσεων από τους κτηνοτρόφους. &lt;br /&gt;Ξεκίνησε από χθες –συνεχίζεται σήμερα και θα συνεχιστεί τις επόμενες ημέρες- η καταβολή ποσών που προέρχονται από διορθώσεις που έχουμε κάνει μετά τις ενστάσεις. Αυτό θα συνεχιστεί μέσα στο Σεπτέμβρη. Πιστεύουμε ότι πριν τα τέλη Σεπτέμβρη θα έχουμε αποκαταστήσει ένα μεγάλο μέρος των προβλημάτων, ειδικά για την εξισωτική του 2013. Ήδη χιλιάδες κτηνοτρόφοι αυτήν τη στιγμή έχουν πληρωθεί με σημαντικά ποσά. Αυτήν τη στιγμή –σας το λέω υπεύθυνα- δεν υπάρχει ούτε ένας κτηνοτρόφος που έλαβε εξισωτική το 2012 και δεν έχει λάβει εξισωτική το 2013 τουλάχιστον πάνω από 40%. Αυτό σας το λέω για να το ξέρετε. Θα το διαπιστώσετε τις επόμενες ημέρες. Απλά, έχω μια πρωθύστερη ενημέρωση. &lt;br /&gt;Δεύτερον, η ενιαία ενίσχυση του 2014, η προκαταβολή θα πληρωθεί κανονικά μέσα στον Οκτώβρη και η αποπληρωμή το Δεκέμβριο. &lt;br /&gt;Τρίτον, θα ακολουθήσει η πληρωμή των βιολογικών προγραμμάτων, μιλώντας πάντα για την κτηνοτροφία. &lt;br /&gt;Στη συνέχεια, πρέπει να πω κάτι πολύ σημαντικό μέσω υμών που ρωτάτε σήμερα προς την Εθνική Αντιπροσωπεία και προς τους Έλληνες κτηνοτρόφους: Το Διοικητικό της Συμβούλιο της Πανελλήνιας Ένωσης Κτηνοτρόφων, με την οποία συναντήθηκα πριν από δέκα μέρες, γνωρίζει ότι καταβάλλουμε μια αγωνιώδη προσπάθεια, προκειμένου να καταφέρουμε να πληρώσουμε εντός του Δεκεμβρίου του 2014 και την εξισωτική του 2014. Συνολικά, ο στόχος της πολιτικής ηγεσίας του Υπουργείου Αγροτικής Ανάπτυξης και Τροφίμων είναι φέτος η εξισωτική να ανέλθει ως συνολική πληρωμή στο διπλάσιο αυτής του 2012, στα 260 εκατομμύρια ευρώ, τελικά δηλαδή ο κάθε κτηνοτρόφος να πάρει τα διπλάσια λεφτά από αυτά που πήρε πέρσι στην εξισωτική. &lt;br /&gt;Τρίτο και πιο σημαντικό, όπως οι ίδιοι οι κτηνοτρόφοι λένε ότι γίνονται όλες οι απαραίτητες ενέργειες. Κάνουμε προσομοίωση της διάταξης που τον Απρίλη ψηφίσαμε στη Βουλή για τα βοσκοτόπια για να δούμε πως εφαρμόζεται η διάταξη και η τροπολογία που πέρασε –κύριε Πρόεδρε, θυμάστε, γιατί εσείς προεδρεύατε, εγώ ήμουν Κοινοβουλευτικός Εκπρόσωπος τότε- από τη Βουλή. Αν υπάρχουν προβλήματα περαιτέρω θα προβούμε σε επιπλέον ρύθμιση αν χρειαστεί, γιατί ο στόχος είναι ένας: Την 1η Ιανουαρίου 2015 να μην υπάρχει κανένα πρόβλημα με τα βοσκοτόπια και να μην είναι χάρισμα η πληρωμή της εξισωτικής του 2014, αλλά η εξισωτική από το 2015 και μετά με τη νέα ΚΑΠ να πληρώνεται κάθε χρόνο στη χρονιά της. &lt;br /&gt;Θυμίζω, κύριε Πρόεδρε και κύριε συνάδελφε, ότι μιλάμε για την εξισωτική του 2013. Πρέπει, λοιπόν, να βρούμε ένα βηματισμό με το χρόνο. Αυτός είναι ο στόχος του Υπουργείου. Θέλω να πιστεύω ότι με τη μεγάλη και ηρωική προσπάθεια που καταβάλλουν τα στελέχη του Υπουργείου και του ΟΠΕΚΕΠΕ και με τη συνεργασία της ΠΕΚ και της ΣΕΚ των συλλογικών εκφράσεων των κτηνοτρόφων θα μπορέσουμε να πετύχουμε αυτούς τους πολύ φιλόδοξους στόχους. &lt;br /&gt;Ευχαριστώ πολύ.</p></speech><speech by="#s75"><from>Δριβελέγκας Ιωάννης</from><p> Τελικά, ήταν γενικευμένη ερώτηση για την κτηνοτροφία. &lt;br /&gt;Συνεχίζουμε με την πέμπτη με αριθμό 55/28-8-2014 επίκαιρη ερώτηση του Βουλευτή Β’ Αθηνών των Ανεξάρτητων Δημοκρατικών Βουλευτών κ. Βασίλειου Καπερνάρου προς τον Υπουργό Εξωτερικών, σχετικά με τη «γερμανική αυθαίρετη ανάμειξη στην εξωτερική-εθνική μας πολιτική» .&lt;br /&gt;Στην επίκαιρη ερώτηση θα απαντήσει ο Υφυπουργός Εξωτερικών κ. Κυριάκος Γεροντόπουλος. &lt;br /&gt;Κύριε συνάδελφε, έχετε τον λόγο για δύο λεπτά.</p></speech><speech by="#s97"><from> ΒΑΣΙΛΕΙΟΣ ΚΑΠΕΡΝΑΡΟΣ</from><p> Ευχαριστώ, κύριε Πρόεδρε. &lt;br /&gt;Κύριε Υπουργέ, το θέμα το δικό μας δεν έχει να κάνει με λεφτά, δεν έχει να κάνει με οικονομικά θέματα, παρά μόνο με εθνικά και θέματα εθνικής αξιοπρέπειας. &lt;br /&gt;Όπως θα έχετε διαβάσει –πιστεύω- προσεκτικά την επίκαιρη ερώτηση μας, αφορά τη γερμανική αυθαίρετη ανάμειξη στην εξωτερική-εθνική μας πολιτική. Η κ. Μέρκελ με άγνωστο σε εμάς τρόπο, με άγνωστη σε εμάς θεσμική ιδιότητα, με άγνωστο σε εμάς θεσμικό δικαίωμα συγκάλεσε στο Βερολίνο, την πρωτεύουσα της χώρας της, ένα συμβούλιο των χωρών των δυτικών Βαλκανίων. &lt;br /&gt;Αυτό μαθεύτηκε διότι υπεκρύπτετο ως απόκρυφο γεγονός και βγήκε στη δημοσιότητα μόνο από μία εφημερίδα, «ΤΟ ΠΑΡΟΝ». Βεβαίως, μερικώς πολλαπλασιάστηκε ως είδηση. Αυτό το γεγονός έχει να κάνει με την εξωτερική μας πολιτική, την ανησυχητική μέχρι τώρα κατάσταση όσον αφορά το θέμα των Σκοπίων και την ονομασία τους, όσον αφορά την ένταξη στο ΝΑΤΟ και την ύπαρξή του.&lt;br /&gt;Καθίσταται περισσότερο ανησυχητική η υπόθεση αυτή, διότι τελούμε εν αγνοία, είμαστε σε ένα απόλυτο σκοτάδι, είμαστε στην απόλυτη ανενημερότητα του τι γίνεται γύρω από αυτό το θέμα. Διαβουλεύσεις γίνονται, συζητήσεις γίνονται, συμβούλια γίνονται, ο Νίμιτς πηγαινοέρχεται, υπάρχουν διάφορα δημοσιεύματα και ακόμα γι’ αυτά τα θέματα που αφορούν –επαναλαμβάνω- την εθνική μας υπερηφάνεια και αξιοπρέπεια, την ελληνική μας πολιτική, εμείς είμαστε στο σκοτάδι.&lt;br /&gt;Γι’ αυτό και σας ρωτούμε: Τι έγινε; Τι ειπώθηκε εκεί; Ενημερωθήκατε; Είχε προσκληθεί η ελληνική Κυβέρνηση, το ελληνικό κράτος; Είχαμε προσκληθεί εμείς να πάμε; Και αν δεν πήγαμε, γιατί δεν πήγαμε; Σας ερωτώ σαν ένας ανενημέρωτος, ως υπάρχων στο σκότος περί αυτού, Βουλευτής, που πιστεύω –όχι απλώς νομίζω- ότι σε αυτή τη θέση είναι και άλλοι συνάδελφοί μου.</p></speech><speech by="#s75"><from>Δριβελέγκας Ιωάννης</from><p> Κύριε Υπουργέ, έχετε τον λόγο για τρία λεπτά.</p></speech><speech by="#s49"><from> ΚΥΡΙΑΚΟΣ ΓΕΡΟΝΤΟΠΟΥΛΟΣ</from><p> Κύριε συνάδελφε, θέτετε ένα θέμα σημαντικό και βεβαίως να ξέρετε ότι το θέμα της ονομασίας των Σκοπίων είναι κάτι το οποίο ενδιαφέρει και είναι από τα πρώτα θέματα της ελληνικής εξωτερικής πολιτικής. &lt;br /&gt;Κατά σύμπτωση, θέλω να σας πω ότι την τελευταία φορά που η χώρα μας συνέπεσε να βρίσκεται σε διεθνή συνάντηση παράλληλα με τα Σκόπια, ήμουν εγώ αυτός που εκπροσωπούσε την Ελλάδα. Συνέβη στις 26 Ιουνίου του τρέχοντος έτους στη Σύνοδο Κορυφής των χωρών της Νοτιοανατολικής Ευρώπης, των Βαλκανίων, που έγινε στο Βουκουρέστι. Εκεί συμμετείχαν έξι Πρόεδροι Δημοκρατίας, δύο αναπληρωτές Πρωθυπουργοί και παρά τις προσπάθειες όλων, αλλά και τις έντονες πιέσεις που ασκήθηκαν από διάφορες πλευρές, η ξεκάθαρη και σθεναρή θέση της χώρας μας δεν επέτρεψε στο κείμενο των συμπερασμάτων να υπάρξει η παραμικρή αναφορά στην ευρωπαϊκή προοπτική των Σκοπίων.&lt;br /&gt;Όλα αυτά βεβαίως έγιναν σε συνεννόηση με τον Υπουργό Εξωτερικών κ. Βενιζέλο. Τους δώσαμε να καταλάβουν ότι η ευρωπαϊκή τους πορεία περνάει υποχρεωτικά από την Αθήνα.&lt;br /&gt;Τώρα, ως προς τη Διάσκεψη Κορυφής στην οποία αναφερθήκατε, η Διάσκεψη Κορυφής για τα Δυτικά Βαλκάνια που πραγματοποιήθηκε στις 28 Αυγούστου, πριν από μερικές μέρες, στο Βερολίνο, αποτέλεσε πρωτοβουλία της γερμανικής Καγκελαρίας. Προσκλήθηκαν Πρωθυπουργοί, Υπουργοί Εξωτερικών και Υπουργοί Οικονομίας των χωρών των Δυτικών Βαλκανίων, επίσης της Αυστρίας και της Γαλλίας ως κρατών που έχουν αναλάβει να διοργανώσουν τις επόμενες Διασκέψεις Κορυφής για το μέλλον των Δυτικών Βαλκανίων. &lt;br /&gt;Στη Διάσκεψη δεν εκπροσωπήθηκε η χώρα μας, αλλά ούτε και δύο κράτη-μέλη της Ευρωπαϊκής Ένωσης των βαλκανικών χωρών, δηλαδή η Βουλγαρία και η Ρουμανία. Σημειώνεται, επίσης, ότι δεν προσκλήθηκε και η νυν προεδρεύουσα του Ευρωπαϊκού Συμβουλίου Ιταλία. Η ατζέντα της Συνόδου αυτής περιελάμβανε θέματα περιφερειακής συνεργασίας, σχέσεων καλής γειτονίας και προώθησης της οικονομικής ανάπτυξης, με στόχο τη διευκόλυνση της ευρωπαϊκής πορείας των Δυτικών Βαλκανίων. &lt;br /&gt;Η Ελλάδα υποστηρίζει σταθερά και βάσει στρατηγικής επιλογής την ευρωπαϊκή προοπτική των Δυτικών Βαλκανίων. Συνεπής στη στρατηγική αυτή, η χώρα μας διοργάνωσε στις 8 Μαΐου του τρέχοντος έτους, υπό την ιδιότητα της προεδρεύουσας χώρας του Συμβουλίου της Ευρωπαϊκής Ένωσης, μία ιδιαίτερα επιτυχή Διάσκεψη Ευρωπαϊκής Ένωσης Δυτικών Βαλκανίων σε επίπεδο Υπουργών Εξωτερικών και αυτό έγινε στη Θεσσαλονίκη. &lt;br /&gt; &lt;br /&gt;Σε αυτή συζητήθηκαν πολιτικές και επιχειρησιακές πτυχές της ευρωπαϊκής ολοκλήρωσης των χωρών της περιοχής, πιστοποιήθηκε η δέσμευση της Ευρωπαϊκής Ένωσης στην ευρωπαϊκή προοπτική των Δυτικών Βαλκανίων, αλλά και η προσήλωση των χωρών αυτών στις μεταρρυθμιστικές προσπάθειες που απαιτούνται. &lt;br /&gt;Βεβαίως, η ενταξιακή διαδικασία σε κάθε φάση της διέπεται από καθιερωμένους όρους και προϋποθέσεις που θα πρέπει να εκπληρωθούν από όλες τις χώρες που επιθυμούν να ενταχθούν στην Ευρωπαϊκή Ένωση. Ειδικά ως προς τα Σκόπια, βασικό προαπαιτούμενο είναι ο σεβασμός των σχέσεων καλής γειτονίας, συμπεριλαμβανομένης και της επίλυσης του ονοματολογικού. &lt;br /&gt;Σε σχέση με την Πρώην Γιουγκοσλαβική Δημοκρατία της Μακεδονίας, εκκρεμούν και άλλα κρίσιμα θέματα, τα οποία έχουν επισημανθεί στα σχετικά συμπεράσματα του Ευρωπαϊκού Συμβουλίου του Δεκεμβρίου του 2013. &lt;br /&gt;&lt;br /&gt;Ως προς το ζήτημα του ονόματος της Πρώην Γιουγκοσλαβικής Δημοκρατίας της Μακεδονίας, η Ελλάδα στηρίζει τη διαπραγματευτική διαδικασία υπό τον Γενικό γραμματέα των Ηνωμένων Εθνών μέσω του προσωπικού απεσταλμένου του Πρέσβη κ. Νίμιτς. &lt;br /&gt;Η Ελλάδα συμμετέχει στη διαδικασία αυτή με καλή θέληση και εποικοδομητική διάθεση, χωρίς να υφίσταται πίεση από κανέναν παράγοντα της διεθνούς κοινότητας, με μοναδικό γνώμονα την εξεύρεση οριστικής, βιώσιμης και κοινά αποδεκτής λύσης. Βεβαίως, έχουμε βάλει τις δικές μας κόκκινες γραμμές.</p></speech><speech by="#s75"><from>Δριβελέγκας Ιωάννης</from><p> Έχετε και τη δευτερολογία σας, κύριε Υπουργέ.</p></speech><speech by="#s49"><from> ΚΥΡΙΑΚΟΣ ΓΕΡΟΝΤΟΠΟΥΛΟΣ</from><p> Δώστε μου μόνο λίγα δευτερόλεπτα. &lt;br /&gt;Όπως κατ’ επανάληψη έχουμε τονίσει, το ζήτημα της ονομασίας δεν είναι διμερές, αλλά ένα ζήτημα σεβασμού του διεθνούς δικαίου, ένα θέμα που άπτεται των σχέσεων καλής γειτονίας και της περιφερειακής σταθερότητας. &lt;br /&gt;Η ελληνική θέση έχει αποτυπωθεί με απόλυτη σαφήνεια και συνιστά μία υπεύθυνη τοποθέτηση, σύμφωνη όχι μόνο με τις ελληνικές ευαισθησίες αλλά και με τις ευρωπαϊκές αντιλήψεις και τη διεθνή νομιμότητα.</p></speech><speech by="#s75"><from>Δριβελέγκας Ιωάννης</from><p> Έχετε τον λόγο, κύριε Καπερνάρο, για τρία λεπτά</p></speech><speech by="#s97"><from> ΒΑΣΙΛΕΙΟΣ ΚΑΠΕΡΝΑΡΟΣ</from><p> Ευχαριστώ.&lt;br /&gt;Κύριε Υπουργέ, τις προάλλες η Μέρκελ απεκάλεσε τα Σκόπια «Macedonia». Ποια ευρωπαϊκή προοπτική των Σκοπιανών περνάει από την Αθήνα; Προφανέστατα –δεν μου αρέσει η λέξη «προφανώς», στα νομικά δεν υπάρχει, δεν έχει οντότητα- τα Σκόπια έχουν οντότητα και ο δρόμος τους περνάει από το Βερολίνο, κύριε Υπουργέ. &lt;br /&gt;Είναι θρασύτατη η συμπεριφορά αυτού του κρατιδίου. Είναι χλευαστική η συμπεριφορά του απέναντι σε εμάς. Εγώ –αν θέλετε- δέχομαι τη θέση τους, διότι διαχειρίζονται την κατάστασή τους, τη φτώχεια τους αν θέλετε, την ανάγκη τους αν θέλετε, την όποια κατάστασή τους. Όμως, αυτό το κρατίδιο έχει σηκώσει ανάστημα και μας προσβάλλει. Δεν το συνειδητοποιείτε; &lt;br /&gt;Σας παρακαλώ να ρωτήσετε και τον τελευταίο Έλληνα. Είναι συμπεριφορά αυτή του Γκρουέφσκι; Είναι συμπεριφορές αυτές τώρα σε σχέση και με τις ανασκαφές στην Αμφίπολη; Δεν με ενδιαφέρει τι κάνει αυτό το κρατίδιο. Εμείς τι κάνουμε; Εμείς τι κάνουμε, όταν η διαβίωσή τους εξαρτάται από το λιμάνι της Θεσσαλονίκης;&lt;br /&gt;Παρά ταύτα, για να μην απλωθούμε σε άλλα θέματα, εγώ ρωτώ το εξής: Δεν πήγαμε. Προσκληθήκαμε και δεν πήγαμε ή δεν προσκληθήκαμε; Εάν δεν προσκληθήκαμε, δεν προσκλήθηκαν και η Βουλγαρία και η Ρουμανία, διότι είπαν οι εφημερίδες ότι προσεκλήθησαν τα Δυτικά Βαλκάνια. Για ποιο λόγο; Ήταν ή δεν ήταν υποχρεωμένη η Μέρκελ να μας ενημερώσει; Το έκανε χωρίς καμμία ιδιότητα. Με ποια θεσμική ιδιότητα, με ποιο θεσμικό δικαίωμα συνεκάλεσε αυτό το Συμβούλιο στο Βερολίνο; Μας ενημέρωσε; Μας είπε για ποιο λόγο συγκαλεί αυτό το Συμβούλιο στο Βερολίνο; Όχι! &lt;br /&gt;Και δεν μας ενημέρωσε, διότι θα μας ενημερώνατε εσείς πιστεύω. Εκτός εάν κάνετε κρυφή διπλωματία, εκτός αν έχετε κρυφή ατζέντα και άλλα λέτε σε εμάς –σε εμάς δεν λέτε τίποτα, εννοώ στις προσφιλείς σας εφημερίδες- και άλλα κάνετε. Αυτό είναι ένα άλλο θέμα. Πείτε το μας, όμως. Δεν είναι δυνατόν το ελληνικό Κοινοβούλιο να τελεί εν αγνοία αυτών των τεκταινομένων, διότι δεν είναι ένα θέμα οικονομικό. Αφορούν –επαναλαμβάνω- την εθνική μας αξιοπρέπεια, την εθνική μας υπερηφάνεια και την εθνική μας υπόσταση, έτσι ώστε να συνειδητοποιήσουμε εάν αυτήν τη στιγμή γίνονται πράγματα πίσω από την πλάτη μας, πίσω από την πλάτη της ελληνικής κοινωνίας. &lt;br /&gt;Να σας πω και κάτι άλλο, επειδή σας εκτιμώ προσωπικά; Δεν εκτιμώ τον Υπουργό Εξωτερικών, διότι αυτός κρατά αυτήν την κρυφή ατζέντα. Δεν είναι δυνατόν να γίνονται τέτοια πράγματα εξωτερικής πολιτικής, που αφορούν τα σύνορά μας, την υπόστασή μας και όλη αυτήν τη σύμπλευση ή –αν θέλετε- τη συσχέτιση της κοινής ζωής που έχουμε στα Βαλκάνια με κάποιες χώρες αυτών των συμπεριφορών όπως των Σκοπίων, κι εμείς να είμαστε σ’ αυτήν την κατάσταση –να την πω αδρανείας, αδιαφορίας, αμηχανίας, ανενέργειας, απραξίας; Πώς να το χαρακτηρίσουμε;&lt;br /&gt;Σίγουρα αυτό που χαρακτηρίζουμε είναι ότι βρισκόμαστε σε μία…&lt;br /&gt;&lt;br /&gt;Σταματήστε το, εν πάση περιπτώσει, αυτό το πράγμα. Οι άλλοι έχουν ξεφύγει για είκοσι επτά λεπτά.</p></speech><speech by="#s75"><from>Δριβελέγκας Ιωάννης</from><p> Μπορείτε να ζητήσετε λίγο παραπάνω χρόνο.</p></speech><speech by="#s97"><from> ΒΑΣΙΛΕΙΟΣ ΚΑΠΕΡΝΑΡΟΣ</from><p> Ο συνάδελφός σας τρία λεπτά…</p></speech><speech by="#s75"><from>Δριβελέγκας Ιωάννης</from><p> Ζητήστε το, κύριε Καπερνάρο.</p></speech><speech by="#s97"><from> ΒΑΣΙΛΕΙΟΣ ΚΑΠΕΡΝΑΡΟΣ</from><p> Να σας ζητάω ένα λεπτό, μισό λεπτό;</p></speech><speech by="#s75"><from>Δριβελέγκας Ιωάννης</from><p> Βεβαίως.</p></speech><speech by="#s97"><from> ΒΑΣΙΛΕΙΟΣ ΚΑΠΕΡΝΑΡΟΣ</from><p> Έτσι σας αρέσει;</p></speech><speech by="#s75"><from>Δριβελέγκας Ιωάννης</from><p> Όχι «μου αρέσει», αλλά βάσει του Κανονισμού.</p></speech><speech by="#s97"><from> ΒΑΣΙΛΕΙΟΣ ΚΑΠΕΡΝΑΡΟΣ</from><p> Σας το ζήτησε προηγουμένως ο συνάδελφός σας ο κ. Κουκουλόπουλος;</p></speech><speech by="#s75"><from>Δριβελέγκας Ιωάννης</from><p> Δεν είναι τι μου αρέσει εμένα, τι λέει ο Κανονισμός. Τα ίδια είπα και στον κ. Κουκουλόπουλο.</p></speech><speech by="#s97"><from> ΒΑΣΙΛΕΙΟΣ ΚΑΠΕΡΝΑΡΟΣ</from><p> Βρε τι έχουμε πάθει!</p></speech><speech by="#s75"><from>Δριβελέγκας Ιωάννης</from><p> Πρέπει να τηρούμε τον Κανονισμό.&lt;br /&gt;</p></speech><speech by="#s97"><from> ΒΑΣΙΛΕΙΟΣ ΚΑΠΕΡΝΑΡΟΣ</from><p> Σας αρέσει να παίζετε με τα κουμπάκια;</p></speech><speech by="#s75"><from>Δριβελέγκας Ιωάννης</from><p> Πρέπει να τηρούμε τον Κανονισμό.</p></speech><speech by="#s97"><from> ΒΑΣΙΛΕΙΟΣ ΚΑΠΕΡΝΑΡΟΣ</from><p> Ποιον Κανονισμό; Ο Κανονισμός είναι για γέλια είπαμε.</p></speech><speech by="#s75"><from>ΠΡΟΕΔΡΕΥΩΝ</from><p> Κατά την άποψή σας!</p></speech><speech by="#s97"><from> ΒΑΣΙΛΕΙΟΣ ΚΑΠΕΡΝΑΡΟΣ</from><p> Ο Κανονισμός, αν ίσχυε, στα τρία λεπτά θα σταματούσατε τον εκάστοτε ομιλητή και θα κλείνατε το μικρόφωνο και όχι να αφήνετε τους δικούς σας…</p></speech><speech by="#s75"><from>ΠΡΟΕΔΡΕΥΩΝ</from><p> «Τρία λεπτά» λέει ο Κανονισμός.</p></speech><speech by="#s97"><from> ΒΑΣΙΛΕΙΟΣ ΚΑΠΕΡΝΑΡΟΣ</from><p> Ακούστε, δεν έχω να συνεχίσω περαιτέρω, καθώς χρειάζεται παράκληση. Δεν θα σας παρακαλώ εγώ να μου δώσετε χρόνο και χωρίς παράκληση να δίνετε στους συναδέλφους σας τους πασόκους.</p></speech><speech by="#s75"><from>ΠΡΟΕΔΡΕΥΩΝ</from><p> Σε όλους δίνω.</p></speech><speech by="#s97"><from> ΒΑΣΙΛΕΙΟΣ ΚΑΠΕΡΝΑΡΟΣ</from><p> Σε όλους; Σας παρακάλεσε ο κ. Κουκουλόπουλος και μίλησε τρία λεπτά;</p></speech><speech by="#s75"><from>ΠΡΟΕΔΡΕΥΩΝ</from><p> Βεβαίως! Δεν ακούγατε την παρατήρηση;</p></speech><speech by="#s97"><from> ΒΑΣΙΛΕΙΟΣ ΚΑΠΕΡΝΑΡΟΣ</from><p> Τρία λεπτά στην πρωτολογία, τρία λεπτά στη δευτερολογία. Έχετε την εντύπωση ότι θα σας παρακαλέσω να μου δώσετε το ένα λεπτό;</p></speech><speech by="#s75"><from>ΠΡΟΕΔΡΕΥΩΝ</from><p> Θέλετε πάντα να δημιουργείτε …</p></speech><speech by="#s97"><from> ΒΑΣΙΛΕΙΟΣ ΚΑΠΕΡΝΑΡΟΣ</from><p> Δεν σας παρακαλώ και σας χαρίζω τον χρόνο!</p></speech><speech by="#s75"><from>ΠΡΟΕΔΡΕΥΩΝ</from><p> Ευχαριστώ πολύ.</p></speech><speech by="#s97"><from> ΒΑΣΙΛΕΙΟΣ ΚΑΠΕΡΝΑΡΟΣ</from><p> Το κλείνω μόνος μου το μικρόφωνο.</p></speech><speech by="#s75"><from>ΠΡΟΕΔΡΕΥΩΝ</from><p> Καλά κάνετε! &lt;br /&gt;Το ίδιο ισχύει και για εσάς. Εγώ είμαι υποχρεωμένος να τηρώ τον Κανονισμό.&lt;br /&gt;Ορίστε, κύριε Υπουργέ, έχετε τον λόγο για τρία λεπτά.</p></speech><speech by="#s97"><from> ΒΑΣΙΛΕΙΟΣ ΚΑΠΕΡΝΑΡΟΣ</from><p> Δεν συνεχίζω μετά από αυτήν τη χειρίστη συμπεριφορά.</p></speech><speech by="#s75"><from>ΠΡΟΕΔΡΕΥΩΝ</from><p> Ορίστε! Πάλι παραβιάζετε τον Κανονισμό. Χωρίς να σας έχει δοθεί ο λόγος, μιλάτε και μάλιστα καθήμενος. &lt;br /&gt;Παρακαλώ να μην καταγράφονται στα Πρακτικά αυτά που λέει ο κ. Καπερνάρος.</p></speech><speech by="#s97"><from> ΒΑΣΙΛΕΙΟΣ ΚΑΠΕΡΝΑΡΟΣ</from><p> …</p></speech><speech by="#s75"><from>ΠΡΟΕΔΡΕΥΩΝ</from><p> Ορίστε, κύριε Υπουργέ.</p></speech><speech by="#s49"><from> ΚΥΡΙΑΚΟΣ ΓΕΡΟΝΤΟΠΟΥΛΟΣ</from><p> Κύριε συνάδελφε, θέσατε πολλά θέματα, τα οποία πραγματικά είναι σοβαρά. Θέλω να σας πω και να επαναλάβω ότι η Ελλάδα δεν είχε προσκληθεί σ’ αυτήν τη Διάσκεψη και αυτή η Διάσκεψη έγινε με απόφαση της γερμανικής Καγκελαρίας, όπως σας είπα και στην πρωτομιλία μου.&lt;br /&gt;Όσον αφορά εκείνο το οποίο είπατε για το πώς ονομάστηκαν τα Σκόπια, θέλω να σας πω ότι η ονομασία, την οποία έκαναν είναι «FYR of Macedonia» και βεβαίως το ελληνικό Υπουργείο Εξωτερικών είναι ενήμερο γι’ αυτήν την αδόκιμη αναγραφή του ονόματος της Πρώην Γιουγκοσλαβικής Δημοκρατίας της Μακεδονίας στη συγκεκριμένη Διάσκεψη. &lt;br /&gt;Γι’ αυτόν τον λόγο επιφυλάσσεται και ετοιμάζει τις απαραίτητες ενέργειες, περιλαμβανομένων  των παραστάσεων, όπως άλλωστε πράττει σε ανάλογες περιπτώσεις, ώστε να αποτραπούν μελλοντικές αδόκιμες αναγραφές της ονομασίας των Σκοπίων που αντιβαίνουν τις σχετικές αποφάσεις του Συμβουλίου Ασφαλείας του ΟΗΕ και την καθιερωμένη πρακτική εντός των Ηνωμένων Εθνών και της Ευρωπαϊκής Ένωσης.&lt;br /&gt;Οι ελληνικές θέσεις στο θέμα της ονομασίας είναι σαφείς και γνωστές. Η Ελλάδα έχει ήδη διανύσει το τμήμα του δρόμου που της αναλογεί. Το κλειδί της ουσιαστικής εξέλιξης της διαδικασίας αυτής δεν βρίσκεται συνεπώς στην Αθήνα, εναπόκειται στην ηγεσία των Σκοπίων να αρχίσει τελικά να εμπλέκεται στις υπό τον ΟΗΕ διαπραγματεύσεις με αληθινή πολιτική βούληση, να αποδείξει με συγκεκριμένες απτές πράξεις, όχι μόνο με λόγια, τη δέσμευσή της να βρεθεί μια κοινά αποδεκτή λύση στο ζήτημα αυτό.&lt;br /&gt;Η Ελλάδα επιθυμεί να έχει πραγματικά φιλικές και αγαστές σχέσεις με όλες τις χώρες της περιοχής και εργάζεται συστηματικά γι’ αυτό.&lt;br /&gt;Ως προς την ευρωπαϊκή προοπτική τόσο των Σκοπίων όσο και όλων των χωρών των Δυτικών Βαλκανίων, η ελληνική Κυβέρνηση ακολουθεί πολιτική αρχών, βασισμένη με σαφή στρατηγικό σχεδιασμό και γνώση του μηχανισμού της Ευρωπαϊκής Ένωσης.&lt;br /&gt;Με κύριο γνώμονα τα εθνικά μας συμφέροντα αλλά και τη βούλησή μας να βελτιώσουμε τις προοπτικές για τις δύο χώρες και την περιοχή των Βαλκανίων θα συνεχίσουμε με υπευθυνότητα και σύνεση να εργαζόμαστε για την επίτευξη κοινά αποδεκτής λύσης στο ζήτημα της ονομασίας.&lt;br /&gt;Είμαστε πεπεισμένοι ότι η επίλυση του θέματος αυτού θα συμβάλει στην ουσιαστική αναβάθμιση των σχέσεών μας με τη γειτονική χώρα και στην περαιτέρω εδραίωση της σταθερότητας και της προόδου στην περιοχή.&lt;br /&gt;&lt;br /&gt;Θέλω πραγματικά να σας διαβεβαιώσω για μια ακόμη φορά ότι η ευρωπαϊκή προοπτική όλων των χωρών περνάει υποχρεωτικά από την Αθήνα.</p></speech><speech by="#s97"><from> ΒΑΣΙΛΕΙΟΣ ΚΑΠΕΡΝΑΡΟΣ</from><p> Παρακαλέστε τον Πρόεδρο να σας δώσει χρόνο!</p></speech><speech by="#s49"><from> ΚΥΡΙΑΚΟΣ ΓΕΡΟΝΤΟΠΟΥΛΟΣ</from><p> Ευχαριστώ πολύ.</p></speech><speech by="#s75"><from>ΠΡΟΕΔΡΕΥΩΝ</from><p> Κυρίες και κύριοι συνάδελφοι, κηρύσσεται περαιωμένη η συζήτηση των επικαίρων ερωτήσεων.&lt;br /&gt;Δέχεστε στο σημείο αυτό να λύσουμε τη συνεδρίαση;</p></speech><speech><from>ΟΛΟΙ ΟΙ ΒΟΥΛΕΥΤΕΣ</from><p> Μάλιστα, μάλιστα.&lt;br /&gt;Με τη συναίνεση του Τμήματος και ώρα 19.00΄ λύεται η συνεδρίαση για την Τετάρτη 3 Σεπτεμβρίου 2014 και ώρα 10.00΄, με αντικείμενο εργασιών του Τμήματος νομοθετική εργασία, σύμφωνα με την ημερήσια διάταξη που έχει διανεμηθεί. &lt;br /&gt;Ο</p></speech></debateBody></debate></akomaNtoso>